Run,Model,Instance,Timestamp,Duration_s,Tokens,Response_Length,Total_Changes,Avg_Similarity,Similarity_to_First,Response_Text
1,mistral:7b,remote,2025-10-22 11:09:52,2.97,283,1016,190,0.671,1.000," # main.py\n\n## Summary\nThis file calculates the surface areas of various geometric shapes, including cubes, cuboids, spheres, and hemispheres. The functions use formulas from Wikipedia to achieve these calculations.\n\n## Example\n```python\nfrom main import surface_area_cube\n\nprint(surface_area_cube(1))  # Output: 6\n```\n\n## Function Descriptions\n- `surface_area_cube(side_length: float) -> float:` Calculates the Surface Area of a Cube.\n- `surface_area_cuboid(length: float, breadth: float, height: float) -> float:` Calculates the Surface Area of a Cuboid.\n- `surface_area_sphere(radius: float) -> float:` Calculates the Surface Area of a Sphere.\n- `surface_area_hemisphere(radius: float) -> float:` Calculates the Surface Area of a Hemisphere.\n\n## Important Takeaways\nThe functions in this file accept only non-negative values for input to ensure the correctness and validity of the results. The formulas used in the functions are based on those found on Wikipedia for calculating surface areas of geometric shapes."
2,mistral:7b,remote,2025-10-22 11:09:54,2.47,270,933,158,0.656,0.664," # main.py\n\n## Summary\nThe `main.py` file contains Python functions for calculating the surface area of various geometric shapes, such as cubes, cuboids, spheres, and hemispheres.\n\n## Example\n```python\nfrom main import surface_area_cube\n\nprint(surface_area_cube(1))  # Output: 6\n```\n\n## Function Descriptions\n- `surface_area_cube(side_length: float) -> float`: Calculate the Surface Area of a Cube.\n- `surface_area_cuboid(length: float, breadth: float, height: float) -> float`: Calculate the Surface Area of a Cuboid.\n- `surface_area_sphere(radius: float) -> float`: Calculate the Surface Area of a Sphere.\n- `surface_area_hemisphere(radius: float) -> float`: Calculate the Surface Area of a Hemisphere.\n\n## Important Takeaways\n- All functions accept only non-negative values for their arguments.\n- The file utilizes mathematical formulas to calculate surface areas of geometric shapes, with references provided for further reading."
3,mistral:7b,remote,2025-10-22 11:09:57,2.71,296,1013,190,0.612,0.640," # main.py\n\n## Summary\nThis file contains functions to calculate the surface areas of various geometric shapes: cube, cuboid, sphere, and hemisphere.\n\n## Example\n```python\nfrom math import pi, sqrt, tan\n\nprint(surface_area_cuboid(1, 2, 3))  # Output: 22\n```\n\n## Function Descriptions\n- `surface_area_cube(side_length: float) -> float`: Calculate the Surface Area of a Cube.\n- `surface_area_cuboid(length: float, breadth: float, height: float) -> float`: Calculate the Surface Area of a Cuboid.\n- `surface_area_sphere(radius: float) -> float`: Calculate the Surface Area of a Sphere.\n- `surface_area_hemisphere(radius: float) -> float`: Calculate the Surface Area of a Hemisphere.\n\n## Important Takeaways\n- The functions only accept non-negative values for input.\n- The surface area calculations use standard mathematical formulas.\n- For cube and cuboid, the functions calculate the total surface area, while for sphere and hemisphere, they calculate the surface area of the whole shape (not just the curved part)."
4,mistral:7b,remote,2025-10-22 11:10:00,3.05,333,1171,178,0.622,0.624," ```markdown\n# main.py\n\n## Summary\n\nThis file provides Python functions for calculating the surface area of geometric shapes, including cubes, cuboids, spheres, and hemispheres. The calculations are based on standard mathematical formulas for these geometries.\n\n## Example\n\n```python\nfrom main import surface_area_cube\n\nprint(surface_area_cube(3))  # Output: 54\n```\n\n## Function Descriptions\n\n- `surface_area_cube(side_length: float) -> float`: Calculate the Surface Area of a Cube.\n- `surface_area_cuboid(length: float, breadth: float, height: float) -> float`: Calculate the Surface Area of a Cuboid.\n- `surface_area_sphere(radius: float) -> float`: Calculate the Surface Area of a Sphere.\n- `surface_area_hemisphere(radius: float) -> float`: Calculate the Surface Area of a Hemisphere.\n\n## Important Takeaways\n\n- All functions accept non-negative values as arguments and raise ValueError if any negative value is passed.\n- The functions use standard mathematical formulas for calculating surface areas of cubes, cuboids, spheres, and hemispheres.\n- For Sphere and Hemisphere functions, the radius should be a positive value. If it's not, ValueError will be raised.\n```"
5,mistral:7b,remote,2025-10-22 11:10:03,2.71,295,1069,142,0.681,0.647," ```markdown\n# main.py\n\n## Summary\nThis file calculates the surface area of various geometric shapes including cubes, cuboids, spheres, and hemispheres. It utilizes mathematical formulas for each shape to compute their respective surface areas.\n\n## Example\n```python\nfrom main import surface_area_cube\n\nprint(surface_area_cube(1))  # Output: 6\n```\n\n## Function Descriptions\n- `surface_area_cube(side_length: float) -> float`: Calculate the Surface Area of a Cube.\n- `surface_area_cuboid(length: float, breadth: float, height: float) -> float`: Calculate the Surface Area of a Cuboid.\n- `surface_area_sphere(radius: float) -> float`: Calculate the Surface Area of a Sphere.\n- `surface_area_hemisphere(radius: float) -> float`: Calculate the Surface Area of a Hemisphere.\n\n## Important Takeaways\n- All functions accept non-negative values only and throw a ValueError if provided with negative or zero inputs.\n- The file uses mathematical formulas for calculating surface areas of geometric shapes as per Wikipedia references provided within each function's docstring.\n```"
6,mistral:7b,remote,2025-10-22 11:10:06,2.85,311,1028,208,0.629,0.654," ```markdown\n# main.py\n\n## Summary\nThis Python script calculates the surface area of various geometric shapes including cubes, cuboids, spheres, and hemispheres using mathematical formulas for their respective surface areas.\n\n## Example\n```python\nfrom main import surface_area_cube\n\nprint(surface_area_cube(1))  # 6\nprint(surface_area_cube(1.6))  # 15.36\n```\n\n## Function Descriptions\n- `surface_area_cube(side_length: float) -> float`: Calculates the Surface Area of a Cube.\n- `surface_area_cuboid(length: float, breadth: float, height: float) -> float`: Calculates the Surface Area of a Cuboid.\n- `surface_area_sphere(radius: float) -> float`: Calculates the Surface Area of a Sphere.\n- `surface_area_hemisphere(radius: float) -> float`: Calculates the Surface Area of a Hemisphere.\n\n## Important Takeaways\n- The script only accepts non-negative values for calculating surface areas to avoid errors.\n- It follows standard mathematical formulas for calculating the surface areas of cubes, cuboids, spheres, and hemispheres.\n```"
7,mistral:7b,remote,2025-10-22 11:10:09,3.15,343,1236,168,0.627,0.616," ```markdown\n# main.py\n\n## Summary\n\nThe purpose of this file is to calculate the surface area of various geometric shapes including cubes, cuboids, spheres, and hemispheres.\n\n## Example\n```python\nfrom main import surface_area_cube\n\nprint(surface_area_cube(1))  # Output: 6\n```\n\n## Function Descriptions\n\n- `surface_area_cube(side_length: float) -> float`: Calculate the Surface Area of a Cube.\n- `surface_area_cuboid(length: float, breadth: float, height: float) -> float`: Calculate the Surface Area of a Cuboid.\n- `surface_area_sphere(radius: float) -> float`: Calculate the Surface Area of a Sphere.\n- `surface_area_hemisphere(radius: float) -> float`: Calculate the Surface Area of a Hemisphere.\n\n## Important Takeaways\n\n- The functions in this file only accept non-negative values for their respective dimensions or radius.\n- For cubes, the surface area is calculated by multiplying 6 with the square of the side length.\n- For cuboids, the surface area is calculated by summing up the perimeters of all six faces.\n- The formula used to calculate the surface area of a sphere and hemisphere are based on their respective geometrical properties, as described in Wikipedia references provided within each function's documentation.\n```"
8,mistral:7b,remote,2025-10-22 11:10:13,3.80,414,1502,184,0.586,0.566," ```markdown\n# main.py\n\n## Summary\n\nThis file contains Python functions to calculate the surface areas of various geometric shapes, including cubes, cuboids, spheres, and hemispheres. These functions are useful for solving problems related to geometry and surface area calculations.\n\n## Example\n\n```python\nfrom main import surface_area_cube\n\nprint(surface_area_cube(1))  # Output: 6\n```\n\n## Function Descriptions\n\n- `surface_area_cube(side_length: float) -> float`: Calculate the Surface Area of a Cube.\n- `surface_area_cuboid(length: float, breadth: float, height: float) -> float`: Calculate the Surface Area of a Cuboid.\n- `surface_area_sphere(radius: float) -> float`: Calculate the Surface Area of a Sphere.\n- `surface_area_hemisphere(radius: float) -> float`: Calculate the Surface Area of a Hemisphere.\n\n## Important Takeaways\n\n- All functions accept non-negative values only and raise `ValueError` if given negative inputs.\n- The surface area of a cube is calculated as 6 times the square of its side length.\n- The surface area of a cuboid is calculated as the sum of two times the product of any two dimensions and the third dimension, and this calculation is done for all three pairs of dimensions (length x breadth, breadth x height, length x height).\n- The surface area of a sphere is calculated using the formula 4 * pi * r^2, where r is the radius of the sphere.\n- The surface area of a hemisphere is calculated using the formula 3 * pi * r^2, where r is the radius of the hemisphere.\n```"
9,mistral:7b,remote,2025-10-22 11:10:16,2.72,296,1102,184,0.604,0.636," ```markdown\n# main.py\n\n## Summary\nThis file contains functions for calculating the surface area of various geometric shapes including cubes, cuboids, spheres, and hemispheres. The functions use mathematical formulas to compute the required areas based on user-provided dimensions.\n\n## Example\n```python\n>>> from main import surface_area_cube\n>>> surface_area_cube(1)\n6\n```\n\n## Function Descriptions\n- `surface_area_cube(side_length: float) -> float`: Calculate the Surface Area of a Cube.\n- `surface_area_cuboid(length: float, breadth: float, height: float) -> float`: Calculate the Surface Area of a Cuboid.\n- `surface_area_sphere(radius: float) -> float`: Calculate the Surface Area of a Sphere.\n- `surface_area_hemisphere(radius: float) -> float`: Calculate the Surface Area of a Hemisphere.\n\n## Important Takeaways\n\n1. The functions in this module require non-negative values for their arguments to prevent errors and ensure logical results.\n2. All functions use mathematical formulas to compute surface areas, with references provided to the corresponding Wikipedia pages for further details.\n```"
10,mistral:7b,remote,2025-10-22 11:10:19,2.68,292,1042,190,0.666,0.667," ```markdown\n# main.py\n\n## Summary\nThis file contains functions to calculate the surface area of geometric shapes such as cubes, cuboids, spheres, and hemispheres. The areas are calculated based on mathematical formulas found in Wikipedia.\n\n## Example\n```python\nfrom main import surface_area_cube\n\nprint(surface_area_cube(1))  # Output: 6\n```\n\n## Function Descriptions\n- `surface_area_cube(side_length: float) -> float:` Calculates the Surface Area of a Cube.\n- `surface_area_cuboid(length: float, breadth: float, height: float) -> float:` Calculates the Surface Area of a Cuboid.\n- `surface_area_sphere(radius: float) -> float:` Calculates the Surface Area of a Sphere.\n- `surface_area_hemisphere(radius: float) -> float:` Calculates the Surface Area of a Hemisphere.\n\n## Important Takeaways\n- The functions only accept non-negative values as inputs.\n- All functions use mathematical formulas to calculate the surface areas and return floating point numbers.\n- Each function includes doctest examples for testing the function's behavior.\n```"

# SUMMARY STATISTICS
TOTAL,mistral:7b,remote,SUMMARY,29.11,3133,11112,1792,0.635,0.635,"SUMMARY: 10 successful runs, 10 unique responses, 0 identical outputs"
